{"cameraMode":{"drawMode":0,"name":"Shaded","section":"Shading Mode"},"sceneLighting":false,"audioPlay":false,"sceneViewState":{"m_AlwaysRefresh":false,"showFog":true,"showSkybox":false,"showFlares":true,"showImageEffects":true,"showParticleSystems":true,"showVisualEffectGraphs":true,"m_FxEnabled":true},"in2DMode":false,"pivot":{"x":-0.04830479621887207,"y":0.311552494764328,"z":0.030811071395874025},"rotation":{"x":-0.2925072908401489,"y":-0.5597237348556519,"z":0.2186468243598938,"w":-0.745018482208252},"size":1.3716907501220704,"orthographic":true}