{"cameraMode":{"drawMode":0,"name":"Shaded","section":"Shading Mode"},"sceneLighting":false,"audioPlay":false,"sceneViewState":{"m_AlwaysRefresh":false,"showFog":true,"showSkybox":false,"showFlares":true,"showImageEffects":true,"showParticleSystems":true,"showVisualEffectGraphs":true,"m_FxEnabled":true},"in2DMode":false,"pivot":{"x":-2.449542999267578,"y":0.16244053840637208,"z":-1.0253617763519288},"rotation":{"x":-0.09603013843297959,"y":-0.8803288340568543,"z":0.41843104362487795,"w":-0.20207177102565766},"size":4.447968006134033,"orthographic":false}