{"cameraMode":{"drawMode":0,"name":"Shaded","section":"Shading Mode"},"sceneLighting":false,"audioPlay":false,"sceneViewState":{"m_AlwaysRefresh":false,"showFog":true,"showSkybox":false,"showFlares":true,"showImageEffects":true,"showParticleSystems":true,"showVisualEffectGraphs":true,"m_FxEnabled":true},"in2DMode":false,"pivot":{"x":0.15215754508972169,"y":1.9138245582580567,"z":-1.551615595817566},"rotation":{"x":-0.09603013843297959,"y":-0.8803288340568543,"z":0.41843104362487795,"w":-0.20207177102565766},"size":7.193969249725342,"orthographic":false}