{"cameraMode":{"drawMode":0,"name":"Shaded","section":"Shading Mode"},"sceneLighting":false,"audioPlay":false,"sceneViewState":{"m_AlwaysRefresh":false,"showFog":true,"showSkybox":false,"showFlares":true,"showImageEffects":true,"showParticleSystems":true,"showVisualEffectGraphs":true,"m_FxEnabled":true},"in2DMode":false,"pivot":{"x":-0.37791383266448977,"y":0.7478625774383545,"z":-0.0050882697105407719},"rotation":{"x":-0.19483938813209535,"y":-0.7827920913696289,"z":0.5097416639328003,"w":-0.29924672842025759},"size":2.4848673343658449,"orthographic":false}