{"cameraMode":{"drawMode":0,"name":"Shaded","section":"Shading Mode"},"sceneLighting":false,"audioPlay":false,"sceneViewState":{"m_AlwaysRefresh":false,"showFog":true,"showSkybox":false,"showFlares":true,"showImageEffects":true,"showParticleSystems":true,"showVisualEffectGraphs":true,"m_FxEnabled":true},"in2DMode":false,"pivot":{"x":0.734587550163269,"y":0.17283400893211366,"z":-0.03158250451087952},"rotation":{"x":-0.15679670870304109,"y":0.19083760678768159,"z":-0.03163687884807587,"w":-0.9693858623504639},"size":0.5497030019760132,"orthographic":true}