{"cameraMode":{"drawMode":0,"name":"Shaded","section":"Shading Mode"},"sceneLighting":false,"audioPlay":false,"sceneViewState":{"m_AlwaysRefresh":false,"showFog":true,"showSkybox":false,"showFlares":true,"showImageEffects":true,"showParticleSystems":true,"showVisualEffectGraphs":true,"m_FxEnabled":true},"in2DMode":false,"pivot":{"x":6.7049055099487309,"y":16.617259979248048,"z":6.426755905151367},"rotation":{"x":-0.09742163866758347,"y":0.006320832297205925,"z":-0.0013405013596639038,"w":-0.9960302114486694},"size":20.955951690673829,"orthographic":true}