{"cameraMode":{"drawMode":0,"name":"Shaded","section":"Shading Mode"},"sceneLighting":false,"audioPlay":false,"sceneViewState":{"m_AlwaysRefresh":false,"showFog":true,"showSkybox":false,"showFlares":true,"showImageEffects":true,"showParticleSystems":true,"showVisualEffectGraphs":true,"m_FxEnabled":true},"in2DMode":false,"pivot":{"x":4.682496070861816,"y":0.0013031959533691407,"z":1.2883669137954713},"rotation":{"x":-0.16682389378547669,"y":-0.7339411377906799,"z":0.19460387527942658,"w":-0.6290848255157471},"size":7.372302055358887,"orthographic":false}