{"cameraMode":{"drawMode":0,"name":"Shaded","section":"Shading Mode"},"sceneLighting":false,"audioPlay":false,"sceneViewState":{"m_AlwaysRefresh":false,"showFog":true,"showSkybox":false,"showFlares":true,"showImageEffects":true,"showParticleSystems":true,"showVisualEffectGraphs":true,"m_FxEnabled":true},"in2DMode":false,"pivot":{"x":-0.605952262878418,"y":9.85568618774414,"z":0.23841190338134767},"rotation":{"x":0.016893036663532258,"y":0.9827108383178711,"z":-0.16054117679595948,"w":0.09910207986831665},"size":18.772117614746095,"orthographic":true}