{"cameraMode":{"drawMode":0,"name":"Shaded","section":"Shading Mode"},"sceneLighting":false,"audioPlay":false,"sceneViewState":{"m_AlwaysRefresh":false,"showFog":true,"showSkybox":false,"showFlares":true,"showImageEffects":true,"showParticleSystems":true,"showVisualEffectGraphs":true,"m_FxEnabled":true},"in2DMode":false,"pivot":{"x":-0.37004709243774416,"y":1.3592629432678223,"z":-0.30506324768066409},"rotation":{"x":0.31051138043403628,"y":0.6080240607261658,"z":-0.27967551350593569,"w":0.6750898957252502},"size":7.679797172546387,"orthographic":false}