{"cameraMode":{"drawMode":0,"name":"Shaded","section":"Shading Mode"},"sceneLighting":false,"audioPlay":false,"sceneViewState":{"m_AlwaysRefresh":false,"showFog":true,"showSkybox":false,"showFlares":true,"showImageEffects":true,"showParticleSystems":true,"showVisualEffectGraphs":true,"m_FxEnabled":true},"in2DMode":false,"pivot":{"x":12.826371192932129,"y":-0.7332499027252197,"z":-2.6553869247436525},"rotation":{"x":0.11569248884916306,"y":0.7666938900947571,"z":-0.14427267014980317,"w":0.6148117780685425},"size":9.492143630981446,"orthographic":false}