{"cameraMode":{"drawMode":0,"name":"Shaded","section":"Shading Mode"},"sceneLighting":false,"audioPlay":false,"sceneViewState":{"m_AlwaysRefresh":false,"showFog":true,"showSkybox":false,"showFlares":true,"showImageEffects":true,"showParticleSystems":true,"showVisualEffectGraphs":true,"m_FxEnabled":true},"in2DMode":false,"pivot":{"x":-0.45633697509765627,"y":10.881768226623536,"z":0.18494129180908204},"rotation":{"x":0.31051138043403628,"y":0.6080240607261658,"z":-0.27967551350593569,"w":0.6750898957252502},"size":15.535942077636719,"orthographic":false}