{"cameraMode":{"drawMode":0,"name":"Shaded","section":"Shading Mode"},"sceneLighting":false,"audioPlay":false,"sceneViewState":{"m_AlwaysRefresh":false,"showFog":true,"showSkybox":false,"showFlares":true,"showImageEffects":true,"showParticleSystems":true,"showVisualEffectGraphs":true,"m_FxEnabled":true},"in2DMode":false,"pivot":{"x":270.69866943359377,"y":105.0040283203125,"z":374.7409973144531},"rotation":{"x":-0.03751995787024498,"y":-0.044015634804964069,"z":0.0010345354676246644,"w":-0.9991787672042847},"size":7.122474193572998,"orthographic":true}