{"cameraMode":{"drawMode":0,"name":"Shaded","section":"Shading Mode"},"sceneLighting":false,"audioPlay":false,"sceneViewState":{"m_AlwaysRefresh":false,"showFog":true,"showSkybox":false,"showFlares":true,"showImageEffects":true,"showParticleSystems":true,"showVisualEffectGraphs":true,"m_FxEnabled":true},"in2DMode":false,"pivot":{"x":-4.150287628173828,"y":15.465801239013672,"z":0.9405708312988281},"rotation":{"x":0.31051138043403628,"y":0.6080240607261658,"z":-0.27967551350593569,"w":0.6750898957252502},"size":20.837200164794923,"orthographic":false}