{"cameraMode":{"drawMode":0,"name":"Shaded","section":"Shading Mode"},"sceneLighting":false,"audioPlay":false,"sceneViewState":{"m_AlwaysRefresh":false,"showFog":true,"showSkybox":false,"showFlares":true,"showImageEffects":true,"showParticleSystems":true,"showVisualEffectGraphs":true,"m_FxEnabled":true},"in2DMode":false,"pivot":{"x":-3.5941662788391115,"y":4.043179512023926,"z":2.5137786865234377},"rotation":{"x":-0.014525441452860833,"y":0.9801732897758484,"z":-0.07814677804708481,"w":-0.1858660876750946},"size":7.059054851531982,"orthographic":true}