{"cameraMode":{"drawMode":0,"name":"Shaded","section":"Shading Mode"},"sceneLighting":false,"audioPlay":false,"sceneViewState":{"m_AlwaysRefresh":false,"showFog":true,"showSkybox":false,"showFlares":true,"showImageEffects":true,"showParticleSystems":true,"showVisualEffectGraphs":true,"m_FxEnabled":true},"in2DMode":false,"pivot":{"x":-1.0175490379333497,"y":1.1155445575714112,"z":1.3590335845947266},"rotation":{"x":0.05606536194682121,"y":0.9377991557121277,"z":-0.2913338840007782,"w":0.18057848513126374},"size":12.089144706726075,"orthographic":false}