{"cameraMode":{"drawMode":0,"name":"Shaded","section":"Shading Mode"},"sceneLighting":false,"audioPlay":false,"sceneViewState":{"m_AlwaysRefresh":false,"showFog":true,"showSkybox":false,"showFlares":true,"showImageEffects":true,"showParticleSystems":true,"showVisualEffectGraphs":true,"m_FxEnabled":true},"in2DMode":false,"pivot":{"x":-0.16825997829437257,"y":0.15933609008789063,"z":-1.1195857524871827},"rotation":{"x":0.18371076881885529,"y":0.6515210270881653,"z":-0.16459020972251893,"w":0.7186141014099121},"size":2.2536022663116457,"orthographic":true}