{"cameraMode":{"drawMode":0,"name":"Shaded","section":"Shading Mode"},"sceneLighting":false,"audioPlay":false,"sceneViewState":{"m_AlwaysRefresh":false,"showFog":true,"showSkybox":false,"showFlares":true,"showImageEffects":true,"showParticleSystems":true,"showVisualEffectGraphs":true,"m_FxEnabled":true},"in2DMode":false,"pivot":{"x":-0.04830479621887207,"y":0.311552494764328,"z":0.030811071395874025},"rotation":{"x":-0.09422203153371811,"y":0.7654973268508911,"z":-0.11616652458906174,"w":-0.6271818280220032},"size":1.1007146835327149,"orthographic":true}