{"cameraMode":{"drawMode":0,"name":"Shaded","section":"Shading Mode"},"sceneLighting":false,"audioPlay":false,"sceneViewState":{"m_AlwaysRefresh":false,"showFog":true,"showSkybox":false,"showFlares":true,"showImageEffects":true,"showParticleSystems":true,"showVisualEffectGraphs":true,"m_FxEnabled":true},"in2DMode":false,"pivot":{"x":-0.4576988220214844,"y":1.7335726022720338,"z":0.41908693313598635},"rotation":{"x":0.24757497012615205,"y":0.46267563104629519,"z":-0.13584421575069428,"w":0.8407085537910461},"size":0.38779982924461367,"orthographic":false}