{"cameraMode":{"drawMode":0,"name":"Shaded","section":"Shading Mode"},"sceneLighting":true,"audioPlay":false,"sceneViewState":{"m_AlwaysRefresh":false,"showFog":true,"showSkybox":true,"showFlares":true,"showImageEffects":true,"showParticleSystems":true,"showVisualEffectGraphs":true,"m_FxEnabled":true},"in2DMode":false,"pivot":{"x":425.38720703125,"y":232.89422607421876,"z":264.8426513671875},"rotation":{"x":-0.07044516503810883,"y":0.034816890954971316,"z":-0.002867083065211773,"w":-0.9977006912231445},"size":280.7308349609375,"orthographic":true}