{"cameraMode":{"drawMode":0,"name":"Shaded","section":"Shading Mode"},"sceneLighting":true,"audioPlay":false,"sceneViewState":{"m_AlwaysRefresh":false,"showFog":true,"showSkybox":true,"showFlares":true,"showImageEffects":true,"showParticleSystems":true,"showVisualEffectGraphs":true,"m_FxEnabled":true},"in2DMode":false,"pivot":{"x":71.87057495117188,"y":238.70968627929688,"z":130.74057006835938},"rotation":{"x":0.24757497012615205,"y":0.46267563104629519,"z":-0.13584421575069428,"w":0.8407085537910461},"size":6.404054641723633,"orthographic":false}